Ward,LR_Cold_Risk_ward_pct,LR_Cold_Risk_county_pct,LR_Cold_Risk_uncertainty,LR_Heat_Risk_ward_pct,LR_Heat_Risk_county_pct,LR_Heat_Risk_uncertainty,LR_Drought_Risk_ward_pct,LR_Drought_Risk_county_pct,LR_Drought_Risk_uncertainty,LR_Flood_Risk_ward_pct,LR_Flood_Risk_county_pct,LR_Flood_Risk_uncertainty,LR_Overall_Failure_ward_pct,LR_Overall_Failure_county_pct,LR_Overall_Failure_uncertainty,LR_phosphorus_ward_avg,LR_phosphorus_county_avg,LR_phosphorus_score,LR_phosphorus_uncertainty,LR_total_nitrogen_ward_avg,LR_total_nitrogen_county_avg,LR_total_nitrogen_score,LR_total_nitrogen_uncertainty,LR_ph_ward_avg,LR_ph_county_avg,LR_ph_score,LR_ph_uncertainty,LR_organic_carbon_ward_avg,LR_organic_carbon_county_avg,LR_organic_carbon_score,LR_organic_carbon_uncertainty,LR_zinc_ward_avg,LR_zinc_county_avg,LR_zinc_score,LR_zinc_uncertainty,LR_cec_apparent_ward_avg,LR_cec_apparent_county_avg,LR_cec_apparent_score,LR_cec_apparent_uncertainty,LR_ecec_ward_avg,LR_ecec_county_avg,LR_ecec_score,LR_ecec_uncertainty,LR_magnesium_ward_avg,LR_magnesium_county_avg,LR_magnesium_score,LR_magnesium_uncertainty,LR_iron_ward_avg,LR_iron_county_avg,LR_iron_score,LR_iron_uncertainty,LR_calcium_ward_avg,LR_calcium_county_avg,LR_calcium_score,LR_calcium_uncertainty,LR_potassium_ward_avg,LR_potassium_county_avg,LR_potassium_score,LR_potassium_uncertainty,LR_temp_ward_avg,LR_temp_county_avg,LR_temp_score,LR_temp_uncertainty,LR_germin_temp_ward_avg,LR_germin_temp_county_avg,LR_germin_temp_score,LR_germin_temp_uncertainty,LR_rh_ward_avg,LR_rh_county_avg,LR_rh_score,LR_rh_uncertainty,LR_rh_mat_ward_avg,LR_rh_mat_county_avg,LR_rh_mat_score,LR_rh_mat_uncertainty,LR_rain_ward_avg,LR_rain_county_avg,LR_rain_score,LR_rain_uncertainty,LR_prec_month2_ward_avg,LR_prec_month2_county_avg,LR_prec_month2_score,LR_prec_month2_uncertainty,LR_prec_month1_ward_avg,LR_prec_month1_county_avg,LR_prec_month1_score,LR_prec_month1_uncertainty,LR_rh_dev_ward_avg,LR_rh_dev_county_avg,LR_rh_dev_score,LR_rh_dev_uncertainty,LR_max_temp_ward_avg,LR_max_temp_county_avg,LR_max_temp_score,LR_max_temp_uncertainty,LR_min_temp_ward_avg,LR_min_temp_county_avg,LR_min_temp_score,LR_min_temp_uncertainty,LR_prec_month3_ward_avg,LR_prec_month3_county_avg,LR_prec_month3_score,LR_prec_month3_uncertainty,LR_prec_month4_ward_avg,LR_prec_month4_county_avg,LR_prec_month4_score,LR_prec_month4_uncertainty,LR_slope_ward_avg,LR_slope_county_avg,LR_slope_score,LR_slope_uncertainty,LR_texture_ward_avg,LR_texture_county_avg,LR_texture_score,LR_texture_uncertainty,LR_stone_content_ward_avg,LR_stone_content_county_avg,LR_stone_content_score,LR_stone_content_uncertainty,LR_bedrock_depth_ward_avg,LR_bedrock_depth_county_avg,LR_bedrock_depth_score,LR_bedrock_depth_uncertainty,LR_Overall_Suitability_mean,LR_Overall_Suitability_uncertainty,SR_Cold_Risk_ward_pct,SR_Cold_Risk_county_pct,SR_Cold_Risk_uncertainty,SR_Heat_Risk_ward_pct,SR_Heat_Risk_county_pct,SR_Heat_Risk_uncertainty,SR_Drought_Risk_ward_pct,SR_Drought_Risk_county_pct,SR_Drought_Risk_uncertainty,SR_Flood_Risk_ward_pct,SR_Flood_Risk_county_pct,SR_Flood_Risk_uncertainty,SR_Overall_Failure_ward_pct,SR_Overall_Failure_county_pct,SR_Overall_Failure_uncertainty,SR_phosphorus_ward_avg,SR_phosphorus_county_avg,SR_phosphorus_score,SR_phosphorus_uncertainty,SR_total_nitrogen_ward_avg,SR_total_nitrogen_county_avg,SR_total_nitrogen_score,SR_total_nitrogen_uncertainty,SR_ph_ward_avg,SR_ph_county_avg,SR_ph_score,SR_ph_uncertainty,SR_organic_carbon_ward_avg,SR_organic_carbon_county_avg,SR_organic_carbon_score,SR_organic_carbon_uncertainty,SR_zinc_ward_avg,SR_zinc_county_avg,SR_zinc_score,SR_zinc_uncertainty,SR_cec_apparent_ward_avg,SR_cec_apparent_county_avg,SR_cec_apparent_score,SR_cec_apparent_uncertainty,SR_ecec_ward_avg,SR_ecec_county_avg,SR_ecec_score,SR_ecec_uncertainty,SR_magnesium_ward_avg,SR_magnesium_county_avg,SR_magnesium_score,SR_magnesium_uncertainty,SR_iron_ward_avg,SR_iron_county_avg,SR_iron_score,SR_iron_uncertainty,SR_potassium_ward_avg,SR_potassium_county_avg,SR_potassium_score,SR_potassium_uncertainty,SR_calcium_ward_avg,SR_calcium_county_avg,SR_calcium_score,SR_calcium_uncertainty,SR_temp_ward_avg,SR_temp_county_avg,SR_temp_score,SR_temp_uncertainty,SR_germin_temp_ward_avg,SR_germin_temp_county_avg,SR_germin_temp_score,SR_germin_temp_uncertainty,SR_rain_ward_avg,SR_rain_county_avg,SR_rain_score,SR_rain_uncertainty,SR_prec_month3_ward_avg,SR_prec_month3_county_avg,SR_prec_month3_score,SR_prec_month3_uncertainty,SR_rh_ward_avg,SR_rh_county_avg,SR_rh_score,SR_rh_uncertainty,SR_rh_mat_ward_avg,SR_rh_mat_county_avg,SR_rh_mat_score,SR_rh_mat_uncertainty,SR_prec_month4_ward_avg,SR_prec_month4_county_avg,SR_prec_month4_score,SR_prec_month4_uncertainty,SR_max_temp_ward_avg,SR_max_temp_county_avg,SR_max_temp_score,SR_max_temp_uncertainty,SR_rh_dev_ward_avg,SR_rh_dev_county_avg,SR_rh_dev_score,SR_rh_dev_uncertainty,SR_min_temp_ward_avg,SR_min_temp_county_avg,SR_min_temp_score,SR_min_temp_uncertainty,SR_prec_month1_ward_avg,SR_prec_month1_county_avg,SR_prec_month1_score,SR_prec_month1_uncertainty,SR_prec_month2_ward_avg,SR_prec_month2_county_avg,SR_prec_month2_score,SR_prec_month2_uncertainty,SR_slope_ward_avg,SR_slope_county_avg,SR_slope_score,SR_slope_uncertainty,SR_texture_ward_avg,SR_texture_county_avg,SR_texture_score,SR_texture_uncertainty,SR_stone_content_ward_avg,SR_stone_content_county_avg,SR_stone_content_score,SR_stone_content_uncertainty,SR_bedrock_depth_ward_avg,SR_bedrock_depth_county_avg,SR_bedrock_depth_score,SR_bedrock_depth_uncertainty,SR_Overall_Suitability_mean,SR_Overall_Suitability_uncertainty
CHEMELIL/CHEMASE,6.02,5.8,5.35,6.02,5.79,5.35,12.86,9.97,0.0,14.16,10.57,5.9,17.56,14.11,10.32,12.2097,10.786,0.7063,0.0303,0.1646,0.2311,0.8304,0.1706,5.8852,5.5363,0.9388,0.0408,1.4908,2.1694,0.9398,0.0125,3.2993,3.4141,0.9823,0.0104,25.7899,14.8886,0.9838,0.0084,14.5445,14.5972,1.0,0.0,2.1297,1.5674,1.0,0.0,94.5299,91.5652,1.0,0.0,5.9171,4.1427,1.0,0.0,0.407,0.4152,1.0,0.0,20.0848,17.4993,0.7958,0.0,20.8681,18.4137,0.802,0.0,81.1944,82.4386,0.8434,0.0,75.0453,79.1963,0.8434,0.0,704.7796,768.4315,0.904,0.0,254.3189,270.9444,0.9042,0.0,237.3368,231.0498,0.9269,0.0,81.1944,82.4386,0.95,0.0,25.3363,22.7486,0.9646,0.0,15.4789,12.9486,0.9843,0.0,125.0959,151.5365,0.9942,0.0,138.076,186.3733,0.9972,0.0,19.8965,14.1829,0.6678,0.0,Sandy Clay,Silty Clay,0.9572,0.0,2.5129,1.6019,0.9609,0.0164,199.6014,199.7875,1.0,0.0,53.31,1.33,6.67,6.5,3.26,6.68,6.51,3.26,34.2,31.09,12.05,13.33,8.51,4.75,39.66,32.34,12.61,12.2097,10.786,0.7062,0.0184,0.1646,0.2311,0.7745,0.0945,5.8852,5.5363,0.9388,0.0235,1.4908,2.1694,0.9398,0.0075,3.2993,3.4141,0.9828,0.0061,25.7899,14.8886,0.9838,0.0048,14.5445,14.5972,1.0,0.0,2.1297,1.5674,1.0,0.0,94.5299,91.5652,1.0,0.0,0.407,0.4152,1.0,0.0,5.9171,4.1427,1.0,0.0,20.8183,18.1615,0.8236,0.0,20.5227,17.7739,0.8285,0.0,436.7287,366.5895,0.8529,0.0,78.5984,67.4062,0.8557,0.0,69.7298,70.6376,0.9074,0.0,60.6441,60.1972,0.9074,0.0,96.5031,66.3495,0.9294,0.0,26.94,24.1095,0.9368,0.0,69.7298,70.6376,0.9842,0.0,15.3969,12.9251,0.9851,0.0,171.6115,151.6722,0.9971,0.0,134.2849,109.0501,1.0,0.0,19.8965,14.1829,0.6678,0.0,Sandy Clay,Silty Clay,0.9572,0.0,2.5129,1.6019,0.9587,0.0092,199.6014,199.7875,1.0,0.0,53.76,1.42
CHEMUNDU/KAPNG'ETUNY,6.23,5.8,5.52,6.23,5.79,5.52,10.12,9.97,0.0,15.27,10.57,4.04,19.7,14.11,9.79,9.8211,10.786,0.6661,0.0268,0.2311,0.2311,0.8411,0.1688,5.5178,5.5363,0.8272,0.0651,2.2568,2.1694,0.9816,0.0035,3.2703,3.4141,0.9824,0.0093,11.6498,14.8886,0.8574,0.0384,15.3201,14.5972,0.9999,0.0001,1.5397,1.5674,1.0,0.0,97.1268,91.5652,1.0,0.0,3.9396,4.1427,1.0,0.0,0.391,0.4152,1.0,0.0,17.3509,17.4993,0.9175,0.0,18.1107,18.4137,0.987,0.0,84.8825,82.4386,0.7356,0.0,81.8633,79.1963,0.7356,0.0,791.728,768.4315,0.8786,0.0,273.5202,270.9444,0.8786,0.0,224.6606,231.0498,0.9437,0.0,84.8825,82.4386,0.95,0.0,22.5335,22.7486,1.0,0.0,12.8093,12.9486,0.9601,0.0,169.1659,151.5365,0.9987,0.0,194.3223,186.3733,0.9785,0.0,9.0883,14.1829,0.8086,0.0,Clay,Silty Clay,0.8342,0.0,1.2713,1.6019,0.9752,0.0212,199.9992,199.7875,1.0,0.0,62.81,1.69,5.79,6.5,2.83,5.73,6.51,2.79,52.59,31.09,6.9,6.22,8.51,3.06,52.61,32.34,6.94,9.8211,10.786,0.6661,0.0164,0.2311,0.2311,0.7828,0.0951,5.5178,5.5363,0.8272,0.0388,2.2568,2.1694,0.9816,0.0021,3.2703,3.4141,0.9826,0.0056,11.6498,14.8886,0.8575,0.0229,15.3201,14.5972,0.9999,0.0001,1.5397,1.5674,1.0,0.0,97.1268,91.5652,1.0,0.0,0.391,0.4152,1.0,0.0,3.9396,4.1427,1.0,0.0,17.9083,18.1615,0.9419,0.0,17.5452,17.7739,0.986,0.0,353.0519,366.5895,0.604,0.0,69.9723,67.4062,0.7662,0.0,74.4088,70.6376,0.8914,0.0,64.6406,60.1972,0.8914,0.0,58.0186,66.3495,0.6041,0.0,23.853,24.1095,0.9979,0.0,74.4088,70.6376,0.9686,0.0,12.7246,12.9251,0.959,0.0,149.9936,151.6722,1.0,0.0,98.8644,109.0501,0.9452,0.0,9.0883,14.1829,0.8086,0.0,Clay,Silty Clay,0.8342,0.0,1.2713,1.6019,0.9659,0.0114,199.9992,199.7875,1.0,0.0,58.31,0.36
CHEPKUMIA,5.84,5.8,5.22,5.85,5.79,5.22,7.53,9.97,0.0,23.05,10.57,5.57,26.26,14.11,10.52,8.3263,10.786,0.6402,0.0215,0.2442,0.2311,0.8422,0.1685,5.4147,5.5363,0.7715,0.0758,2.1977,2.1694,0.9787,0.0041,3.5071,3.4141,0.9842,0.0101,17.814,14.8886,0.9372,0.0322,15.3419,14.5972,0.9999,0.0003,1.3875,1.5674,0.9944,0.0019,92.9315,91.5652,1.0,0.0,3.7877,4.1427,0.9996,0.0001,0.3635,0.4152,1.0,0.0,17.5882,17.4993,0.9273,0.0,18.2407,18.4137,0.9839,0.0,83.1535,82.4386,0.8056,0.0,77.6629,79.1963,0.8056,0.0,942.3294,768.4315,0.7151,0.0,351.6713,270.9444,0.7151,0.0,289.2453,231.0498,0.8576,0.0,83.1535,82.4386,0.95,0.0,22.4612,22.7486,1.0,0.0,13.3518,12.9486,0.9669,0.0,184.3251,151.5365,0.9896,0.0,178.8363,186.3733,0.9952,0.0,12.2864,14.1829,0.7351,0.0,Silty Clay Loam,Silty Clay,0.908,0.0,1.4392,1.6019,0.9727,0.022,199.9347,199.7875,1.0,0.0,59.47,1.0,6.41,6.5,3.16,6.42,6.51,3.15,39.96,31.09,12.78,12.9,8.51,4.74,46.34,32.34,12.32,8.3263,10.786,0.6402,0.013,0.2442,0.2311,0.7833,0.095,5.4147,5.5363,0.7716,0.0451,2.1977,2.1694,0.9787,0.0025,3.5071,3.4141,0.9846,0.0059,17.814,14.8886,0.9372,0.0187,15.3419,14.5972,0.9999,0.0001,1.3875,1.5674,0.9944,0.0012,92.9315,91.5652,1.0,0.0,0.3635,0.4152,1.0,0.0,3.7877,4.1427,0.9996,0.0,18.0899,18.1615,0.9468,0.0,17.8098,17.7739,0.9877,0.0,499.2412,366.5895,0.8903,0.0,85.0857,67.4062,0.8903,0.0,73.8884,70.6376,0.8916,0.0,64.6114,60.1972,0.8916,0.0,108.9358,66.3495,0.9677,0.0,23.8654,24.1095,0.9975,0.0,73.8884,70.6376,0.9704,0.0,13.148,12.9251,0.9644,0.0,204.9342,151.6722,0.9667,0.0,148.1341,109.0501,1.0,0.0,12.2864,14.1829,0.7351,0.0,Silty Clay Loam,Silty Clay,0.908,0.0,1.4392,1.6019,0.9633,0.0119,199.9347,199.7875,1.0,0.0,59.48,1.0
CHEPKUNYUK,5.62,5.8,5.02,5.62,5.79,5.02,16.92,9.97,0.0,17.93,10.57,5.3,34.44,14.11,13.06,13.616,10.786,0.7309,0.038,0.2611,0.2311,0.8445,0.168,5.5251,5.5363,0.8255,0.0752,2.5985,2.1694,0.9904,0.0022,3.723,3.4141,0.986,0.0101,12.4724,14.8886,0.8726,0.0373,15.8029,14.5972,0.9999,0.0003,1.5624,1.5674,0.9999,0.0,95.7259,91.5652,1.0,0.0,3.8518,4.1427,1.0,0.0,0.5209,0.4152,1.0,0.0,16.6572,17.4993,0.8822,0.0,17.5713,18.4137,0.9869,0.0,83.8476,82.4386,0.745,0.0,81.3011,79.1963,0.745,0.0,733.1218,768.4315,0.8923,0.0,263.3118,270.9444,0.8923,0.0,216.9789,231.0498,0.9529,0.0,83.8476,82.4386,0.95,0.0,22.0227,22.7486,1.0,0.0,12.2027,12.9486,0.9508,0.0,139.3793,151.5365,1.0,0.0,188.2772,186.3733,0.9852,0.0,10.0854,14.1829,0.7885,0.0,Silty Clay,Silty Clay,0.8502,0.0,1.1429,1.6019,0.9751,0.0228,199.9722,199.7875,1.0,0.0,63.47,2.32,6.45,6.5,3.16,6.44,6.51,3.16,65.51,31.09,9.67,12.81,8.51,5.33,68.52,32.34,9.23,13.616,10.786,0.7309,0.023,0.2611,0.2311,0.7852,0.0955,5.5251,5.5363,0.8257,0.0447,2.5985,2.1694,0.9904,0.0013,3.723,3.4141,0.9864,0.0059,12.4724,14.8886,0.8726,0.0224,15.8029,14.5972,0.9999,0.0001,1.5624,1.5674,0.9999,0.0,95.7259,91.5652,1.0,0.0,0.5209,0.4152,1.0,0.0,3.8518,4.1427,1.0,0.0,17.3864,18.1615,0.9193,0.0,17.0614,17.7739,0.9718,0.0,368.8046,366.5895,0.5747,0.0,67.7009,67.4062,0.7281,0.0,71.0321,70.6376,0.9059,0.0,61.0153,60.1972,0.9059,0.0,54.0165,66.3495,0.575,0.0,23.3702,24.1095,1.0,0.0,71.0321,70.6376,0.9799,0.0,12.3873,12.9251,0.9543,0.0,157.5348,151.6722,0.9991,0.0,108.2523,109.0501,0.9645,0.0,10.0854,14.1829,0.7885,0.0,Silty Clay,Silty Clay,0.8502,0.0,1.1429,1.6019,0.9635,0.0124,199.9722,199.7875,1.0,0.0,55.65,0.3
CHEPTERWAI,5.01,5.8,4.46,5.0,5.79,4.44,11.33,9.97,0.0,11.87,10.57,4.24,16.85,14.11,8.61,11.143,10.786,0.6886,0.0299,0.1926,0.2311,0.8352,0.1698,5.6339,5.5363,0.8836,0.0431,1.9718,2.1694,0.9688,0.0052,3.2892,3.4141,0.9818,0.0108,10.2867,14.8886,0.8274,0.0361,11.6749,14.5972,0.9993,0.0008,1.2137,1.5674,0.9986,0.0008,79.2722,91.5652,1.0,0.0,3.9651,4.1427,1.0,0.0,0.3322,0.4152,1.0,0.0,17.9097,17.4993,0.9176,0.0,19.1239,18.4137,0.9438,0.0,79.1794,82.4386,0.8153,0.0,77.0799,79.1963,0.8153,0.0,779.7179,768.4315,0.9081,0.0,251.4343,270.9444,0.9081,0.0,211.889,231.0498,0.959,0.0,79.1794,82.4386,0.9528,0.0,23.2854,22.7486,0.9985,0.0,13.0588,12.9486,0.9632,0.0,173.9452,151.5365,1.0,0.0,223.1207,186.3733,0.9458,0.0,14.4435,14.1829,0.6941,0.0,Silty Clay,Silty Clay,0.8572,0.0,2.1282,1.6019,0.9655,0.0151,199.9944,199.7875,1.0,0.0,59.57,1.48,6.52,6.5,3.19,6.54,6.51,3.19,44.57,31.09,6.9,6.61,8.51,3.21,44.58,32.34,6.95,11.143,10.786,0.6886,0.0182,0.1926,0.2311,0.7775,0.0947,5.6339,5.5363,0.8835,0.0258,1.9718,2.1694,0.9688,0.0032,3.2892,3.4141,0.9824,0.0062,10.2867,14.8886,0.8272,0.0217,11.6749,14.5972,0.9993,0.0004,1.2137,1.5674,0.9986,0.0005,79.2722,91.5652,1.0,0.0,0.3322,0.4152,1.0,0.0,3.9651,4.1427,1.0,0.0,18.6098,18.1615,0.9498,0.0,18.0613,17.7739,0.9765,0.0,270.0209,366.5895,0.5412,0.0,54.967,67.4062,0.5706,0.0,65.6131,70.6376,0.9359,0.0,53.5185,60.1972,0.9359,0.0,49.9212,66.3495,0.5412,0.0,24.757,24.1095,0.9806,0.0,65.6131,70.6376,0.9976,0.0,12.7053,12.9251,0.9577,0.0,101.6939,151.6722,0.9534,0.0,84.7623,109.0501,0.889,0.0,14.4435,14.1829,0.6941,0.0,Silty Clay,Silty Clay,0.8572,0.0,2.1282,1.6019,0.9635,0.0086,199.9944,199.7875,1.0,0.0,59.48,1.47
KABISAGA,5.89,5.8,5.25,5.89,5.79,5.25,23.47,9.97,0.0,4.94,10.57,2.4,21.54,14.11,11.99,10.2102,10.786,0.6734,0.0319,0.1845,0.2311,0.8337,0.1701,5.6074,5.5363,0.8658,0.068,1.8607,2.1694,0.9651,0.0036,3.2924,3.4141,0.9822,0.0105,9.3687,14.8886,0.8022,0.0309,12.1389,14.5972,0.9997,0.0005,1.5599,1.5674,1.0,0.0,77.7961,91.5652,1.0,0.0,3.6178,4.1427,1.0,0.0,0.3991,0.4152,1.0,0.0,16.9807,17.4993,0.899,0.0,18.1479,18.4137,0.9904,0.0,82.2056,82.4386,0.7342,0.0,81.9465,79.1963,0.7342,0.0,689.9799,768.4315,0.9433,0.0,216.2411,270.9444,0.9534,0.0,199.4924,231.0498,0.9724,0.0,82.2056,82.4386,0.95,0.0,22.4526,22.7486,1.0,0.0,12.2538,12.9486,0.9529,0.0,143.6858,151.5365,0.9995,0.0,220.0071,186.3733,0.9496,0.0,8.2763,14.1829,0.834,0.0,Clay,Silty Clay,0.8327,0.0,1.3612,1.6019,0.9758,0.0166,199.9952,199.7875,1.0,0.0,63.22,1.99,6.45,6.5,3.18,6.45,6.51,3.16,71.72,31.09,6.59,6.42,8.51,3.16,71.8,32.34,6.54,10.2102,10.786,0.6735,0.0194,0.1845,0.2311,0.7781,0.0945,5.6074,5.5363,0.8661,0.0403,1.8607,2.1694,0.9651,0.0022,3.2924,3.4141,0.9828,0.0062,9.3687,14.8886,0.8022,0.0187,12.1389,14.5972,0.9997,0.0002,1.5599,1.5674,1.0,0.0,77.7961,91.5652,1.0,0.0,0.3991,0.4152,1.0,0.0,3.6178,4.1427,1.0,0.0,17.7196,18.1615,0.9354,0.0,17.1763,17.7739,0.9753,0.0,244.0568,366.5895,0.4618,0.0,49.8726,67.4062,0.5409,0.0,68.5066,70.6376,0.9216,0.0,57.1008,60.1972,0.9216,0.0,36.4615,66.3495,0.4627,0.0,23.7057,24.1095,0.9996,0.0,68.5066,70.6376,0.9883,0.0,12.3456,12.9251,0.9541,0.0,99.7482,151.6722,0.9399,0.0,72.3638,109.0501,0.7894,0.0,8.2763,14.1829,0.834,0.0,Clay,Silty Clay,0.8327,0.0,1.3612,1.6019,0.971,0.0092,199.9952,199.7875,1.0,0.0,46.22,0.0
KABIYET,5.99,5.8,5.32,5.99,5.79,5.34,17.72,9.97,0.0,5.96,10.57,2.49,23.34,14.11,10.69,9.889,10.786,0.6675,0.0283,0.189,0.2311,0.8349,0.17,5.6243,5.5363,0.8727,0.059,1.9103,2.1694,0.9671,0.0035,3.1609,3.4141,0.9812,0.0103,8.9384,14.8886,0.787,0.0298,11.8833,14.5972,0.9996,0.0006,1.5185,1.5674,1.0,0.0,77.966,91.5652,1.0,0.0,3.7317,4.1427,1.0,0.0,0.3863,0.4152,1.0,0.0,17.4329,17.4993,0.9216,0.0,18.5993,18.4137,0.9692,0.0,81.9197,82.4386,0.7575,0.0,80.552,79.1963,0.7575,0.0,719.8473,768.4315,0.9307,0.0,233.0895,270.9444,0.9322,0.0,201.2393,231.0498,0.9708,0.0,81.9197,82.4386,0.95,0.0,22.8732,22.7486,1.0,0.0,12.5956,12.9486,0.9573,0.0,156.299,151.5365,1.0,0.0,214.3448,186.3733,0.9563,0.0,8.8062,14.1829,0.8202,0.0,Clay,Silty Clay,0.8365,0.0,1.4614,1.6019,0.9745,0.0171,199.9975,199.7875,1.0,0.0,62.79,1.8,6.33,6.5,3.11,6.33,6.51,3.13,63.63,31.09,8.31,6.31,8.51,3.11,63.64,32.34,8.3,9.889,10.786,0.6675,0.0171,0.189,0.2311,0.7777,0.0948,5.6243,5.5363,0.8726,0.035,1.9103,2.1694,0.9672,0.0021,3.1609,3.4141,0.9816,0.0061,8.9384,14.8886,0.7872,0.018,11.8833,14.5972,0.9996,0.0003,1.5185,1.5674,1.0,0.0,77.966,91.5652,1.0,0.0,0.3863,0.4152,1.0,0.0,3.7317,4.1427,1.0,0.0,18.1123,18.1615,0.9489,0.0,17.5487,17.7739,0.9865,0.0,259.5123,366.5895,0.4983,0.0,51.9037,67.4062,0.5528,0.0,68.803,70.6376,0.9228,0.0,56.7996,60.1972,0.9228,0.0,42.5758,66.3495,0.4984,0.0,24.2196,24.1095,0.9933,0.0,68.803,70.6376,0.9873,0.0,12.3915,12.9251,0.9546,0.0,102.7252,151.6722,0.9499,0.0,79.1217,109.0501,0.8409,0.0,8.8062,14.1829,0.8202,0.0,Clay,Silty Clay,0.8365,0.0,1.4614,1.6019,0.9699,0.0094,199.9975,199.7875,1.0,0.0,49.69,0.0
KABWARENG,6.0,5.8,5.34,6.02,5.79,5.36,6.57,9.97,0.0,12.42,10.57,4.4,12.97,14.11,9.09,7.3266,10.786,0.6222,0.021,0.2087,0.2311,0.8378,0.1695,5.4737,5.5363,0.8052,0.0643,1.9564,2.1694,0.9691,0.0042,3.4101,3.4141,0.9833,0.0104,17.4022,14.8886,0.9144,0.0256,14.1128,14.5972,0.9999,0.0002,1.4711,1.5674,1.0,0.0,88.8703,91.5652,1.0,0.0,4.254,4.1427,1.0,0.0,0.355,0.4152,1.0,0.0,18.1822,17.4993,0.9381,0.0,18.9357,18.4137,0.9532,0.0,82.3745,82.4386,0.8275,0.0,76.2894,79.1963,0.8275,0.0,974.5012,768.4315,0.6653,0.0,372.5724,270.9444,0.6653,0.0,303.3901,231.0498,0.8298,0.0,82.3745,82.4386,0.95,0.0,23.1604,22.7486,0.9999,0.0,13.8203,12.9486,0.9728,0.0,188.8207,151.5365,0.9846,0.0,168.6057,186.3733,1.0,0.0,12.0734,14.1829,0.7368,0.0,Silty Clay Loam,Silty Clay,0.9036,0.0,1.1642,1.6019,0.976,0.0213,199.9761,199.7875,1.0,0.0,59.27,0.87,6.72,6.5,3.25,6.71,6.51,3.26,19.6,31.09,7.75,10.76,8.51,4.87,23.65,32.34,6.65,7.3266,10.786,0.6221,0.0127,0.2087,0.2311,0.7809,0.0958,5.4737,5.5363,0.8055,0.0388,1.9564,2.1694,0.9691,0.0026,3.4101,3.4141,0.9838,0.0061,17.4022,14.8886,0.9144,0.0148,14.1128,14.5972,0.9999,0.0001,1.4711,1.5674,1.0,0.0,88.8703,91.5652,1.0,0.0,0.355,0.4152,1.0,0.0,4.254,4.1427,1.0,0.0,18.7237,18.1615,0.9542,0.0,18.3989,17.7739,0.9772,0.0,523.5277,366.5895,0.9047,0.0,88.6851,67.4062,0.9047,0.0,74.0667,70.6376,0.8902,0.0,64.9537,60.1972,0.8902,0.0,131.3648,66.3495,0.9988,0.0,24.5062,24.1095,0.9863,0.0,74.0667,70.6376,0.9698,0.0,13.6542,12.9251,0.9707,0.0,216.5025,151.6722,0.9538,0.0,146.4467,109.0501,1.0,0.0,12.0734,14.1829,0.7368,0.0,Silty Clay Loam,Silty Clay,0.9036,0.0,1.1642,1.6019,0.966,0.0115,199.9761,199.7875,1.0,0.0,59.31,0.9
KAPCHORUA,5.07,5.8,4.5,5.08,5.79,4.51,20.49,9.97,0.0,16.57,10.57,5.07,32.94,14.11,14.14,13.1383,10.786,0.7226,0.036,0.3195,0.2311,0.85,0.1667,5.3755,5.5363,0.7429,0.0656,2.9115,2.1694,0.9958,0.0018,3.756,3.4141,0.9862,0.0097,13.6473,14.8886,0.8686,0.0448,15.2542,14.5972,0.9998,0.0004,1.3643,1.5674,0.9883,0.0024,99.8319,91.5652,1.0,0.0,3.6922,4.1427,0.9998,0.0001,0.4992,0.4152,1.0,0.0,14.1091,17.4993,0.6721,0.0,15.2163,18.4137,0.9093,0.0,82.8495,82.4386,0.7452,0.0,81.2899,79.1963,0.7452,0.0,699.9777,768.4315,0.8992,0.0,258.1053,270.9444,0.8992,0.0,200.5221,231.0498,0.9716,0.0,82.8495,82.4386,0.95,0.0,19.4464,22.7486,1.0,0.0,9.7827,12.9486,0.8448,0.0,133.6587,151.5365,0.9975,0.0,181.6922,186.3733,0.9904,0.0,20.2679,14.1829,0.6038,0.0,Silty Clay Loam,Silty Clay,0.9006,0.0,1.3317,1.6019,0.9744,0.0199,199.6429,199.7875,1.0,0.0,51.91,0.66,6.47,6.5,3.13,6.46,6.51,3.13,71.28,31.09,8.92,10.17,8.51,4.38,71.79,32.34,8.86,13.1383,10.786,0.7225,0.0218,0.3195,0.2311,0.7895,0.0961,5.3755,5.5363,0.7433,0.0388,2.9115,2.1694,0.9958,0.001,3.756,3.4141,0.9866,0.0057,13.6473,14.8886,0.8686,0.0268,15.2542,14.5972,0.9998,0.0002,1.3643,1.5674,0.9883,0.0014,99.8319,91.5652,1.0,0.0,0.4992,0.4152,1.0,0.0,3.6922,4.1427,0.9998,0.0,14.8184,18.1615,0.7203,0.0,14.3989,17.7739,0.8678,0.0,323.8851,366.5895,0.5517,0.0,58.1437,67.4062,0.5906,0.0,69.1294,70.6376,0.921,0.0,57.2559,60.1972,0.921,0.0,52.1389,66.3495,0.5543,0.0,20.5455,24.1095,0.9999,0.0,69.1294,70.6376,0.9862,0.0,10.0736,12.9251,0.8609,0.0,142.4685,151.6722,0.9991,0.0,92.1891,109.0501,0.9182,0.0,20.2679,14.1829,0.6038,0.0,Silty Clay Loam,Silty Clay,0.9006,0.0,1.3317,1.6019,0.9663,0.0109,199.6429,199.7875,1.0,0.0,49.16,0.13
KAPKANGANI,6.02,5.8,5.36,6.01,5.79,5.34,9.23,9.97,0.0,19.99,10.57,4.39,22.99,14.11,9.54,10.1465,10.786,0.671,0.0235,0.1952,0.2311,0.8354,0.1699,5.5729,5.5363,0.8582,0.0501,1.8677,2.1694,0.9651,0.0047,3.1604,3.4141,0.9812,0.01,12.0106,14.8886,0.8644,0.0318,12.8215,14.5972,0.9998,0.0003,1.4181,1.5674,0.9999,0.0,85.9711,91.5652,1.0,0.0,4.3953,4.1427,1.0,0.0,0.3228,0.4152,1.0,0.0,17.7624,17.4993,0.9194,0.0,18.4578,18.4137,0.9622,0.0,84.5321,82.4386,0.7618,0.0,80.2891,79.1963,0.7618,0.0,950.7726,768.4315,0.7355,0.0,343.1007,270.9444,0.7355,0.0,286.4738,231.0498,0.8614,0.0,84.5321,82.4386,0.95,0.0,22.7707,22.7486,0.9999,0.0,13.3746,12.9486,0.9664,0.0,193.8366,151.5365,0.9791,0.0,195.6696,186.3733,0.977,0.0,13.1331,14.1829,0.7376,0.0,Silty Clay,Silty Clay,0.8629,0.0,1.4893,1.6019,0.9738,0.018,199.9658,199.7875,1.0,0.0,60.12,1.43,6.4,6.5,3.15,6.49,6.51,3.18,40.47,31.09,8.4,11.99,8.51,4.51,45.91,32.34,8.05,10.1465,10.786,0.671,0.0143,0.1952,0.2311,0.7792,0.0952,5.5729,5.5363,0.8582,0.0296,1.8677,2.1694,0.9651,0.0028,3.1604,3.4141,0.9816,0.0059,12.0106,14.8886,0.8645,0.0192,12.8215,14.5972,0.9998,0.0001,1.4181,1.5674,0.9999,0.0,85.9711,91.5652,1.0,0.0,0.3228,0.4152,1.0,0.0,4.3953,4.1427,1.0,0.0,18.2661,18.1615,0.9408,0.0,17.9284,17.7739,0.9726,0.0,467.1918,366.5895,0.8607,0.0,77.7712,67.4062,0.8607,0.0,75.1774,70.6376,0.8876,0.0,65.5884,60.1972,0.8876,0.0,95.0305,66.3495,0.9294,0.0,24.1075,24.1095,0.9896,0.0,75.1774,70.6376,0.9661,0.0,13.2138,12.9251,0.9642,0.0,200.4398,151.6722,0.9717,0.0,134.8654,109.0501,1.0,0.0,13.1331,14.1829,0.7376,0.0,Silty Clay,Silty Clay,0.8629,0.0,1.4893,1.6019,0.9679,0.0098,199.9658,199.7875,1.0,0.0,60.15,1.45
KAPSABET,6.21,5.8,5.49,6.2,5.79,5.48,9.53,9.97,0.0,20.13,10.57,4.69,22.47,14.11,10.47,9.7083,10.786,0.6636,0.0228,0.2603,0.2311,0.8446,0.1681,5.4374,5.5363,0.7828,0.0693,2.381,2.1694,0.9866,0.0036,3.4497,3.4141,0.9839,0.0093,13.6969,14.8886,0.8877,0.0441,15.6224,14.5972,0.9998,0.0004,1.4313,1.5674,0.9981,0.0011,97.3499,91.5652,1.0,0.0,3.6229,4.1427,1.0,0.0,0.3765,0.4152,1.0,0.0,16.8822,17.4993,0.8941,0.0,17.5826,18.4137,0.9872,0.0,84.4803,82.4386,0.7597,0.0,80.4152,79.1963,0.7597,0.0,832.6548,768.4315,0.8408,0.0,296.7633,270.9444,0.8408,0.0,237.7057,231.0498,0.9264,0.0,84.4803,82.4386,0.95,0.0,21.9326,22.7486,1.0,0.0,12.5689,12.9486,0.9571,0.0,174.4303,151.5365,0.9977,0.0,191.4182,186.3733,0.9818,0.0,11.8634,14.1829,0.7391,0.0,Silty Clay,Silty Clay,0.8536,0.0,1.3203,1.6019,0.9737,0.0228,199.9713,199.7875,1.0,0.0,61.02,1.32,5.49,6.5,2.68,5.48,6.51,2.66,53.45,31.09,7.11,9.08,8.51,3.52,56.34,32.34,7.47,9.7083,10.786,0.6636,0.0138,0.2603,0.2311,0.7848,0.0956,5.4374,5.5363,0.7829,0.0416,2.381,2.1694,0.9866,0.0022,3.4497,3.4141,0.9842,0.0055,13.6969,14.8886,0.888,0.0259,15.6224,14.5972,0.9998,0.0001,1.4313,1.5674,0.9981,0.0006,97.3499,91.5652,1.0,0.0,0.3765,0.4152,1.0,0.0,3.6229,4.1427,1.0,0.0,17.4301,18.1615,0.9215,0.0,17.142,17.7739,0.9743,0.0,383.096,366.5895,0.7394,0.0,71.5957,67.4062,0.7855,0.0,74.299,70.6376,0.89,0.0,65.0066,60.1972,0.89,0.0,71.7613,66.3495,0.7587,0.0,23.3269,24.1095,1.0,0.0,74.299,70.6376,0.969,0.0,12.4477,12.9251,0.9555,0.0,163.3855,151.6722,0.9971,0.0,107.1944,109.0501,0.9627,0.0,11.8634,14.1829,0.7391,0.0,Silty Clay,Silty Clay,0.8536,0.0,1.3203,1.6019,0.9631,0.0123,199.9713,199.7875,1.0,0.0,60.47,1.06
KAPSIMOTWO,5.56,5.8,4.98,5.56,5.79,4.98,9.49,9.97,0.0,15.02,10.57,5.06,25.48,14.11,11.11,11.4361,10.786,0.6928,0.0259,0.2655,0.2311,0.8451,0.1679,5.4626,5.5363,0.7948,0.0677,2.3504,2.1694,0.9838,0.0042,3.452,3.4141,0.9837,0.0103,18.9196,14.8886,0.9536,0.0237,15.7466,14.5972,1.0,0.0001,1.4878,1.5674,0.9999,0.0001,98.1259,91.5652,1.0,0.0,4.001,4.1427,1.0,0.0,0.4198,0.4152,1.0,0.0,18.4881,17.4993,0.9056,0.0,19.2857,18.4137,0.9279,0.0,81.7328,82.4386,0.8288,0.0,76.2488,79.1963,0.8288,0.0,738.9651,768.4315,0.877,0.0,274.7729,270.9444,0.877,0.0,237.5979,231.0498,0.9265,0.0,81.7328,82.4386,0.95,0.0,23.8485,22.7486,0.9913,0.0,13.8238,12.9486,0.9721,0.0,129.0226,151.5365,0.9999,0.0,158.2501,186.3733,1.0,0.0,22.204,14.1829,0.5851,0.0,Silty Clay Loam,Silty Clay,0.9267,0.0,1.9875,1.6019,0.9662,0.0205,199.8642,199.7875,1.0,0.0,52.45,0.88,6.46,6.5,3.16,6.44,6.51,3.16,47.92,31.09,13.34,10.61,8.51,5.07,52.06,32.34,11.87,11.4361,10.786,0.6928,0.0157,0.2655,0.2311,0.7853,0.0959,5.4626,5.5363,0.7952,0.041,2.3504,2.1694,0.9838,0.0025,3.452,3.4141,0.9842,0.006,18.9196,14.8886,0.9537,0.0138,15.7466,14.5972,1.0,0.0,1.4878,1.5674,0.9999,0.0,98.1259,91.5652,1.0,0.0,0.4198,0.4152,1.0,0.0,4.001,4.1427,1.0,0.0,19.2779,18.1615,0.9247,0.0,19.0017,17.7739,0.9378,0.0,445.0874,366.5895,0.8272,0.0,76.7673,67.4062,0.8528,0.0,69.632,70.6376,0.9082,0.0,60.4419,60.1972,0.9082,0.0,79.0793,66.3495,0.8477,0.0,25.5249,24.1095,0.9623,0.0,69.632,70.6376,0.9846,0.0,13.7797,12.9251,0.972,0.0,191.4788,151.6722,0.9805,0.0,133.0858,109.0501,0.9986,0.0,22.204,14.1829,0.5851,0.0,Silty Clay Loam,Silty Clay,0.9267,0.0,1.9875,1.6019,0.9594,0.0111,199.8642,199.7875,1.0,0.0,52.42,0.86
KAPTEL/KAMOIYWO,5.85,5.8,5.22,5.85,5.79,5.22,11.08,9.97,0.0,15.33,10.57,5.9,22.61,14.11,10.67,9.9793,10.786,0.6688,0.0267,0.2351,0.2311,0.8411,0.1688,5.4906,5.5363,0.8086,0.0741,2.2306,2.1694,0.98,0.0038,3.2462,3.4141,0.982,0.0097,12.4739,14.8886,0.8577,0.0339,14.6982,14.5972,0.9999,0.0002,1.3903,1.5674,0.9955,0.0011,89.9573,91.5652,1.0,0.0,3.7955,4.1427,1.0,0.0,0.3786,0.4152,1.0,0.0,17.597,17.4993,0.9285,0.0,18.5078,18.4137,0.9701,0.0,83.832,82.4386,0.7428,0.0,81.4295,79.1963,0.7428,0.0,807.4259,768.4315,0.8769,0.0,272.1541,270.9444,0.8769,0.0,232.2627,231.0498,0.933,0.0,83.832,82.4386,0.95,0.0,22.9295,22.7486,1.0,0.0,12.7379,12.9486,0.959,0.0,170.812,151.5365,0.9958,0.0,208.4014,186.3733,0.9628,0.0,9.7809,14.1829,0.7945,0.0,Silty Clay,Silty Clay,0.8521,0.0,1.2601,1.6019,0.976,0.0194,199.9705,199.7875,1.0,0.0,62.26,1.69,6.13,6.5,3.0,6.15,6.51,3.01,54.36,31.09,10.31,7.52,8.51,3.64,55.03,32.34,10.85,9.9793,10.786,0.6687,0.0162,0.2351,0.2311,0.7824,0.0954,5.4906,5.5363,0.8088,0.0441,2.2306,2.1694,0.98,0.0023,3.2462,3.4141,0.9824,0.0058,12.4739,14.8886,0.8576,0.0202,14.6982,14.5972,0.9999,0.0001,1.3903,1.5674,0.9955,0.0007,89.9573,91.5652,1.0,0.0,0.3786,0.4152,1.0,0.0,3.7955,4.1427,1.0,0.0,18.1894,18.1615,0.948,0.0,17.7161,17.7739,0.9884,0.0,347.7798,366.5895,0.6219,0.0,65.7529,67.4062,0.6997,0.0,72.5255,70.6376,0.9029,0.0,61.7643,60.1972,0.9029,0.0,58.0059,66.3495,0.6255,0.0,24.238,24.1095,0.9911,0.0,72.5255,70.6376,0.9749,0.0,12.6152,12.9251,0.9573,0.0,149.0259,151.6722,0.9978,0.0,97.8268,109.0501,0.9343,0.0,9.7809,14.1829,0.7945,0.0,Silty Clay,Silty Clay,0.8521,0.0,1.2601,1.6019,0.9683,0.0106,199.9705,199.7875,1.0,0.0,56.93,0.48
KAPTUMO-KABOI,5.5,5.8,4.93,5.5,5.79,4.92,8.23,9.97,0.0,14.68,10.57,4.54,20.09,14.11,9.73,9.2778,10.786,0.6562,0.0206,0.2793,0.2311,0.8469,0.1674,5.3716,5.5363,0.7466,0.0688,2.4297,2.1694,0.988,0.0037,3.6768,3.4141,0.9859,0.0092,16.7996,14.8886,0.9275,0.0421,16.2689,14.5972,0.9999,0.0003,1.3573,1.5674,0.9953,0.002,96.6513,91.5652,1.0,0.0,3.2621,4.1427,0.9996,0.0001,0.3875,0.4152,1.0,0.0,17.8685,17.4993,0.9297,0.0,18.5496,18.4137,0.9697,0.0,82.3719,82.4386,0.8221,0.0,76.5605,79.1963,0.8221,0.0,841.511,768.4315,0.8117,0.0,310.8609,270.9444,0.8117,0.0,257.6355,231.0498,0.8998,0.0,82.3719,82.4386,0.95,0.0,22.8806,22.7486,0.9994,0.0,13.5137,12.9486,0.9689,0.0,162.0894,151.5365,0.9997,0.0,171.7139,186.3733,0.9978,0.0,12.5018,14.1829,0.7247,0.0,Silty Clay,Silty Clay,0.8861,0.0,1.4991,1.6019,0.9721,0.0227,199.9379,199.7875,1.0,0.0,60.08,1.11,6.48,6.5,3.17,6.45,6.51,3.15,41.91,31.09,12.97,13.78,8.51,4.94,46.71,32.34,14.88,9.2778,10.786,0.6563,0.0125,0.2793,0.2311,0.7867,0.0953,5.3716,5.5363,0.7463,0.0406,2.4297,2.1694,0.988,0.0023,3.6768,3.4141,0.9861,0.0055,16.7996,14.8886,0.9276,0.0244,16.2689,14.5972,0.9999,0.0001,1.3573,1.5674,0.9953,0.0012,96.6513,91.5652,1.0,0.0,0.3875,0.4152,1.0,0.0,3.2621,4.1427,0.9996,0.0,18.4761,18.1615,0.948,0.0,18.2021,17.7739,0.9785,0.0,457.1577,366.5895,0.8675,0.0,80.114,67.4062,0.868,0.0,72.1459,70.6376,0.8982,0.0,62.9506,60.1972,0.8982,0.0,91.0345,66.3495,0.9108,0.0,24.399,24.1095,0.9882,0.0,72.1459,70.6376,0.9762,0.0,13.3762,12.9251,0.9672,0.0,193.2775,151.6722,0.9794,0.0,133.3187,109.0501,0.996,0.0,12.5018,14.1829,0.7247,0.0,Silty Clay,Silty Clay,0.8861,0.0,1.4991,1.6019,0.9626,0.0122,199.9379,199.7875,1.0,0.0,60.08,1.11
KEMELOI-MARABA,6.02,5.8,5.36,6.01,5.79,5.36,9.48,9.97,0.0,8.18,10.57,3.82,11.26,14.11,9.8,8.3047,10.786,0.6398,0.0219,0.2087,0.2311,0.8376,0.1693,5.4852,5.5363,0.8059,0.065,1.819,2.1694,0.9629,0.0063,3.3725,3.4141,0.9829,0.0104,18.4711,14.8886,0.9472,0.0203,13.5684,14.5972,0.9999,0.0002,1.4637,1.5674,1.0,0.0,91.8053,91.5652,1.0,0.0,4.4777,4.1427,1.0,0.0,0.3537,0.4152,1.0,0.0,20.2192,17.4993,0.8132,0.0,20.8461,18.4137,0.8141,0.0,80.1537,82.4386,0.8592,0.0,72.712,79.1963,0.8592,0.0,877.3893,768.4315,0.762,0.0,331.9268,270.9444,0.762,0.0,297.7884,231.0498,0.8402,0.0,80.1537,82.4386,0.95,0.0,25.0131,22.7486,0.9732,0.0,15.8651,12.9486,0.9844,0.0,159.7888,151.5365,0.9988,0.0,136.5951,186.3733,0.9966,0.0,19.9086,14.1829,0.6077,0.0,Silty Clay Loam,Silty Clay,0.9339,0.0,2.1741,1.6019,0.9647,0.0199,199.9684,199.7875,1.0,0.0,52.66,0.54,6.63,6.5,3.22,6.64,6.51,3.23,17.49,31.09,5.54,11.42,8.51,4.72,22.29,32.34,6.56,8.3047,10.786,0.6398,0.0133,0.2087,0.2311,0.7802,0.0951,5.4852,5.5363,0.8061,0.0391,1.819,2.1694,0.9629,0.0038,3.3725,3.4141,0.9835,0.0061,18.4711,14.8886,0.9471,0.0119,13.5684,14.5972,0.9999,0.0001,1.4637,1.5674,1.0,0.0,91.8053,91.5652,1.0,0.0,0.3537,0.4152,1.0,0.0,4.4777,4.1427,1.0,0.0,20.7329,18.1615,0.8449,0.0,20.4607,17.7739,0.8472,0.0,549.9946,366.5895,0.9149,0.0,91.3983,67.4062,0.9155,0.0,71.65,70.6376,0.899,0.0,62.7553,60.1972,0.899,0.0,120.1065,66.3495,0.9849,0.0,26.3762,24.1095,0.9462,0.0,71.65,70.6376,0.9778,0.0,15.6276,12.9251,0.9846,0.0,223.9137,151.6722,0.9447,0.0,167.0083,109.0501,0.9994,0.0,19.9086,14.1829,0.6077,0.0,Silty Clay Loam,Silty Clay,0.9339,0.0,2.1741,1.6019,0.9593,0.0109,199.9684,199.7875,1.0,0.0,52.87,0.56
KILIBWONI,6.0,5.8,5.34,6.0,5.79,5.33,17.27,9.97,0.0,10.35,10.57,3.86,21.86,14.11,10.26,11.634,10.786,0.6974,0.0338,0.2173,0.2311,0.8389,0.1693,5.5812,5.5363,0.8531,0.0723,2.1507,2.1694,0.9771,0.0034,3.4352,3.4141,0.9835,0.0104,11.1344,14.8886,0.847,0.0359,14.5636,14.5972,0.9999,0.0002,1.7309,1.5674,1.0,0.0,95.7211,91.5652,1.0,0.0,3.8777,4.1427,1.0,0.0,0.4545,0.4152,1.0,0.0,16.7519,17.4993,0.8875,0.0,17.6626,18.4137,0.9875,0.0,84.4696,82.4386,0.7135,0.0,83.1905,79.1963,0.7135,0.0,732.8062,768.4315,0.9076,0.0,251.7005,270.9444,0.9076,0.0,217.9517,231.0498,0.9512,0.0,84.4696,82.4386,0.95,0.0,22.0937,22.7486,1.0,0.0,12.2335,12.9486,0.9518,0.0,143.5528,151.5365,1.0,0.0,196.8128,186.3733,0.9758,0.0,6.6692,14.1829,0.8716,0.0,Clay,Silty Clay,0.8324,0.0,1.0979,1.6019,0.978,0.0187,199.9989,199.7875,1.0,0.0,64.01,2.15,6.57,6.5,3.19,6.57,6.51,3.18,68.84,31.09,6.39,11.77,8.51,4.66,69.89,32.34,6.44,11.634,10.786,0.6974,0.0205,0.2173,0.2311,0.7812,0.0954,5.5812,5.5363,0.8529,0.0429,2.1507,2.1694,0.9771,0.0021,3.4352,3.4141,0.984,0.0061,11.1344,14.8886,0.847,0.0217,14.5636,14.5972,0.9999,0.0001,1.7309,1.5674,1.0,0.0,95.7211,91.5652,1.0,0.0,0.4545,0.4152,1.0,0.0,3.8777,4.1427,1.0,0.0,17.4088,18.1615,0.9202,0.0,17.0688,17.7739,0.9721,0.0,325.4241,366.5895,0.525,0.0,65.8914,67.4062,0.7024,0.0,72.1869,70.6376,0.9007,0.0,62.3321,60.1972,0.9007,0.0,46.2826,66.3495,0.525,0.0,23.379,24.1095,0.9999,0.0,72.1869,70.6376,0.976,0.0,12.2959,12.9251,0.9528,0.0,135.786,151.6722,0.9935,0.0,95.4189,109.0501,0.9242,0.0,6.6692,14.1829,0.8716,0.0,Clay,Silty Clay,0.8324,0.0,1.0979,1.6019,0.9701,0.0103,199.9989,199.7875,1.0,0.0,52.12,0.17
KIPKAREN,5.16,5.8,4.59,5.16,5.79,4.58,16.62,9.97,0.0,6.54,10.57,2.5,19.26,14.11,9.33,9.8678,10.786,0.6673,0.0292,0.1755,0.2311,0.8325,0.1704,5.7091,5.5363,0.9082,0.0378,1.7665,2.1694,0.9604,0.005,3.0598,3.4141,0.9803,0.0097,9.2506,14.8886,0.7969,0.0361,11.3738,14.5972,0.999,0.0013,1.5204,1.5674,1.0,0.0,75.5797,91.5652,1.0,0.0,3.9906,4.1427,1.0,0.0,0.3751,0.4152,1.0,0.0,17.8323,17.4993,0.9325,0.0,19.0483,18.4137,0.9475,0.0,80.4504,82.4386,0.7836,0.0,78.9833,79.1963,0.7836,0.0,720.2905,768.4315,0.9299,0.0,232.6995,270.9444,0.9325,0.0,192.787,231.0498,0.9792,0.0,80.4504,82.4386,0.9507,0.0,23.2261,22.7486,1.0,0.0,13.0001,12.9486,0.9625,0.0,159.4615,151.5365,1.0,0.0,219.1993,186.3733,0.9507,0.0,8.8788,14.1829,0.8257,0.0,Clay,Silty Clay,0.8379,0.0,1.6946,1.6019,0.9712,0.017,199.9812,199.7875,1.0,0.0,62.28,1.82,6.25,6.5,3.1,6.27,6.51,3.1,62.64,31.09,7.36,6.72,8.51,3.24,63.1,32.34,7.64,9.8678,10.786,0.6672,0.0177,0.1755,0.2311,0.7762,0.0949,5.7091,5.5363,0.908,0.0225,1.7665,2.1694,0.9604,0.003,3.0598,3.4141,0.9806,0.0058,9.2506,14.8886,0.7966,0.0219,11.3738,14.5972,0.999,0.0007,1.5204,1.5674,1.0,0.0,75.5797,91.5652,1.0,0.0,0.3751,0.4152,1.0,0.0,3.9906,4.1427,1.0,0.0,18.5036,18.1615,0.9557,0.0,17.9565,17.7739,0.9907,0.0,241.076,366.5895,0.5172,0.0,48.835,67.4062,0.5349,0.0,67.0968,70.6376,0.9295,0.0,55.1139,60.1972,0.9295,0.0,46.6074,66.3495,0.5219,0.0,24.6098,24.1095,0.9845,0.0,67.0968,70.6376,0.993,0.0,12.6834,12.9251,0.9584,0.0,91.4337,151.6722,0.9108,0.0,74.6194,109.0501,0.7931,0.0,8.8788,14.1829,0.8257,0.0,Clay,Silty Clay,0.8379,0.0,1.6946,1.6019,0.9672,0.0094,199.9812,199.7875,1.0,0.0,51.76,0.09
KIPTUYA,6.03,5.8,5.37,6.04,5.79,5.38,9.69,9.97,0.0,21.13,10.57,4.58,23.89,14.11,10.03,9.1647,10.786,0.6544,0.0231,0.2511,0.2311,0.843,0.1684,5.4241,5.5363,0.7758,0.0694,2.3329,2.1694,0.984,0.0039,3.537,3.4141,0.9846,0.0094,15.369,14.8886,0.9127,0.0326,15.389,14.5972,0.9998,0.0003,1.3386,1.5674,0.9952,0.0017,89.2245,91.5652,1.0,0.0,3.8222,4.1427,1.0,0.0,0.3547,0.4152,1.0,0.0,16.8516,17.4993,0.8905,0.0,17.5407,18.4137,0.9857,0.0,84.5801,82.4386,0.7595,0.0,80.4318,79.1963,0.7595,0.0,887.3768,768.4315,0.8085,0.0,312.1931,270.9444,0.8085,0.0,261.1891,231.0498,0.8951,0.0,84.5801,82.4386,0.95,0.0,21.8613,22.7486,1.0,0.0,12.4932,12.9486,0.9545,0.0,187.1732,151.5365,0.9865,0.0,193.6237,186.3733,0.9793,0.0,12.2123,14.1829,0.7329,0.0,Silty Clay,Silty Clay,0.8784,0.0,1.4448,1.6019,0.973,0.0216,199.9206,199.7875,1.0,0.0,60.44,1.24,6.2,6.5,3.07,6.2,6.51,3.08,49.43,31.09,10.6,10.37,8.51,4.11,52.83,32.34,10.82,9.1647,10.786,0.6544,0.014,0.2511,0.2311,0.7842,0.0957,5.4241,5.5363,0.7758,0.0419,2.3329,2.1694,0.984,0.0023,3.537,3.4141,0.9849,0.0056,15.369,14.8886,0.9127,0.0192,15.389,14.5972,0.9998,0.0001,1.3386,1.5674,0.9952,0.001,89.2245,91.5652,1.0,0.0,0.3547,0.4152,1.0,0.0,3.8222,4.1427,1.0,0.0,17.3591,18.1615,0.9176,0.0,17.0314,17.7739,0.9709,0.0,418.7925,366.5895,0.8158,0.0,73.5348,67.4062,0.816,0.0,74.9083,70.6376,0.8886,0.0,65.3605,60.1972,0.8886,0.0,82.5365,66.3495,0.8717,0.0,23.2045,24.1095,1.0,0.0,74.9083,70.6376,0.967,0.0,12.352,12.9251,0.9523,0.0,180.0281,151.6722,0.9915,0.0,117.9425,109.0501,0.9828,0.0,12.2123,14.1829,0.7329,0.0,Silty Clay,Silty Clay,0.8784,0.0,1.4448,1.6019,0.9641,0.0116,199.9206,199.7875,1.0,0.0,60.42,1.24
KOBUJOI,5.99,5.8,5.32,5.99,5.79,5.32,11.24,9.97,0.0,11.44,10.57,5.83,19.99,14.11,10.62,8.5205,10.786,0.6434,0.0204,0.2531,0.2311,0.8433,0.1683,5.4131,5.5363,0.7737,0.067,2.196,2.1694,0.9776,0.0048,3.3715,3.4141,0.9831,0.0099,22.3112,14.8886,0.9648,0.0222,15.6358,14.5972,1.0,0.0001,1.465,1.5674,0.9923,0.002,94.7981,91.5652,1.0,0.0,4.0643,4.1427,0.9999,0.0,0.3833,0.4152,1.0,0.0,18.686,17.4993,0.9242,0.0,19.3425,18.4137,0.9326,0.0,80.6323,82.4386,0.8555,0.0,73.6064,79.1963,0.8555,0.0,900.8649,768.4315,0.746,0.0,338.6756,270.9444,0.746,0.0,295.7722,231.0498,0.8455,0.0,80.6323,82.4386,0.95,0.0,23.6335,22.7486,0.997,0.0,14.2791,12.9486,0.9785,0.0,167.4715,151.5365,0.9991,0.0,154.9911,186.3733,0.9999,0.0,14.1351,14.1829,0.6943,0.0,Sandy Clay,Silty Clay,0.9516,0.0,1.4249,1.6019,0.9725,0.0226,199.9588,199.7875,1.0,0.0,58.49,0.85,6.66,6.5,3.25,6.64,6.51,3.23,21.62,31.09,13.6,13.27,8.51,4.74,28.18,32.34,13.65,8.5205,10.786,0.6434,0.0124,0.2531,0.2311,0.7839,0.0955,5.4131,5.5363,0.7737,0.0398,2.196,2.1694,0.9776,0.0029,3.3715,3.4141,0.9835,0.0058,22.3112,14.8886,0.9649,0.0125,15.6358,14.5972,1.0,0.0,1.465,1.5674,0.9923,0.0012,94.7981,91.5652,1.0,0.0,0.3833,0.4152,1.0,0.0,4.0643,4.1427,0.9999,0.0,19.3108,18.1615,0.9395,0.0,19.0246,17.7739,0.9479,0.0,538.8264,366.5895,0.9192,0.0,92.4673,67.4062,0.9198,0.0,70.7078,70.6376,0.9042,0.0,61.4436,60.1972,0.9042,0.0,108.9707,66.3495,0.9679,0.0,25.1708,24.1095,0.9709,0.0,70.7078,70.6376,0.981,0.0,14.1358,12.9251,0.9767,0.0,218.425,151.6722,0.9513,0.0,165.6332,109.0501,0.9997,0.0,14.1351,14.1829,0.6943,0.0,Sandy Clay,Silty Clay,0.9516,0.0,1.4249,1.6019,0.9625,0.0121,199.9588,199.7875,1.0,0.0,58.48,0.85
KOSIRAI,6.13,5.8,5.44,6.13,5.79,5.44,13.29,9.97,0.0,13.29,10.57,3.98,22.34,14.11,10.23,10.4256,10.786,0.6761,0.0262,0.2184,0.2311,0.8394,0.1692,5.5448,5.5363,0.839,0.0719,2.17,2.1694,0.978,0.0039,3.3096,3.4141,0.9826,0.0101,9.8887,14.8886,0.817,0.0342,13.9466,14.5972,0.9999,0.0003,1.5832,1.5674,1.0,0.0,94.148,91.5652,1.0,0.0,4.1424,4.1427,1.0,0.0,0.41,0.4152,1.0,0.0,17.0183,17.4993,0.9009,0.0,17.9143,18.4137,0.9896,0.0,84.5827,82.4386,0.7159,0.0,83.0467,79.1963,0.7159,0.0,750.3943,768.4315,0.9109,0.0,249.3104,270.9444,0.9109,0.0,220.1091,231.0498,0.9492,0.0,84.5827,82.4386,0.95,0.0,22.3994,22.7486,1.0,0.0,12.3502,12.9486,0.9541,0.0,152.0873,151.5365,1.0,0.0,206.2812,186.3733,0.9652,0.0,7.83,14.1829,0.8422,0.0,Clay,Silty Clay,0.8326,0.0,1.0425,1.6019,0.979,0.0182,199.9989,199.7875,1.0,0.0,63.15,1.87,6.6,6.5,3.19,6.63,6.51,3.19,61.27,31.09,6.85,8.02,8.51,3.45,61.27,32.34,6.85,10.4256,10.786,0.6762,0.0159,0.2184,0.2311,0.7816,0.0951,5.5448,5.5363,0.8391,0.043,2.17,2.1694,0.978,0.0024,3.3096,3.4141,0.983,0.006,9.8887,14.8886,0.8169,0.0207,13.9466,14.5972,0.9999,0.0001,1.5832,1.5674,1.0,0.0,94.148,91.5652,1.0,0.0,0.41,0.4152,1.0,0.0,4.1424,4.1427,1.0,0.0,17.6744,18.1615,0.9325,0.0,17.2832,17.7739,0.9784,0.0,320.5136,366.5895,0.5204,0.0,66.8897,67.4062,0.7155,0.0,72.5622,70.6376,0.8996,0.0,62.5938,60.1972,0.8996,0.0,46.3571,66.3495,0.5204,0.0,23.666,24.1095,0.9992,0.0,72.5622,70.6376,0.9748,0.0,12.4392,12.9251,0.9554,0.0,131.5001,151.6722,0.9955,0.0,93.8649,109.0501,0.9247,0.0,7.83,14.1829,0.8422,0.0,Clay,Silty Clay,0.8326,0.0,1.0425,1.6019,0.9712,0.01,199.9989,199.7875,1.0,0.0,51.88,0.01
KOYO-NDURIO,5.98,5.8,5.32,5.97,5.79,5.3,10.97,9.97,0.0,9.61,10.57,5.06,15.11,14.11,8.68,9.3981,10.786,0.6586,0.0236,0.2237,0.2311,0.8399,0.1691,5.5369,5.5363,0.8324,0.0632,1.9791,2.1694,0.9698,0.0063,3.38,3.4141,0.9829,0.0109,20.4615,14.8886,0.9637,0.0197,15.2141,14.5972,1.0,0.0001,1.5519,1.5674,1.0,0.0,95.0173,91.5652,1.0,0.0,4.5242,4.1427,1.0,0.0,0.3895,0.4152,1.0,0.0,18.085,17.4993,0.9188,0.0,18.7623,18.4137,0.9528,0.0,80.6265,82.4386,0.8552,0.0,73.7033,79.1963,0.8552,0.0,762.9198,768.4315,0.8689,0.0,279.281,270.9444,0.8689,0.0,251.8897,231.0498,0.9075,0.0,80.6265,82.4386,0.95,0.0,23.1102,22.7486,0.9975,0.0,13.6265,12.9486,0.9702,0.0,141.4182,151.5365,0.9996,0.0,141.114,186.3733,1.0,0.0,20.4697,14.1829,0.6225,0.0,Silty Clay Loam,Silty Clay,0.9374,0.0,2.3542,1.6019,0.9626,0.0195,199.8916,199.7875,1.0,0.0,53.42,0.81,6.75,6.5,3.29,6.75,6.51,3.29,24.33,31.09,11.9,13.49,8.51,4.81,28.75,32.34,13.15,9.3981,10.786,0.6585,0.0143,0.2237,0.2311,0.7819,0.0958,5.5369,5.5363,0.8317,0.038,1.9791,2.1694,0.9698,0.0038,3.38,3.4141,0.9835,0.0064,20.4615,14.8886,0.9636,0.0114,15.2141,14.5972,1.0,0.0,1.5519,1.5674,1.0,0.0,95.0173,91.5652,1.0,0.0,0.3895,0.4152,1.0,0.0,4.5242,4.1427,1.0,0.0,18.758,18.1615,0.9385,0.0,18.4701,17.7739,0.9608,0.0,466.6809,366.5895,0.8782,0.0,82.5116,67.4062,0.8782,0.0,70.2493,70.6376,0.906,0.0,60.9932,60.1972,0.906,0.0,99.5027,66.3495,0.9454,0.0,24.7047,24.1095,0.9795,0.0,70.2493,70.6376,0.9825,0.0,13.5111,12.9251,0.9688,0.0,186.5162,151.6722,0.9872,0.0,142.9975,109.0501,1.0,0.0,20.4697,14.1829,0.6225,0.0,Silty Clay Loam,Silty Clay,0.9374,0.0,2.3542,1.6019,0.9578,0.0107,199.8916,199.7875,1.0,0.0,53.41,0.81
KURGUNG/SURUNGAI,5.6,5.8,4.96,5.6,5.79,4.96,13.34,9.97,0.0,17.89,10.57,4.56,25.6,14.11,10.55,10.2628,10.786,0.6735,0.0265,0.2107,0.2311,0.8381,0.1693,5.5345,5.5363,0.8347,0.0674,2.1379,2.1694,0.9767,0.0044,3.3949,3.4141,0.9828,0.011,11.3505,14.8886,0.8518,0.0337,12.4641,14.5972,0.9998,0.0004,1.2764,1.5674,0.996,0.0011,80.1317,91.5652,1.0,0.0,3.6126,4.1427,1.0,0.0,0.3474,0.4152,1.0,0.0,17.54,17.4993,0.9238,0.0,18.6649,18.4137,0.9666,0.0,81.385,82.4386,0.7748,0.0,79.5144,79.1963,0.7748,0.0,834.9375,768.4315,0.8708,0.0,279.3229,270.9444,0.8708,0.0,238.6315,231.0498,0.9252,0.0,81.385,82.4386,0.95,0.0,22.9219,22.7486,1.0,0.0,12.7261,12.9486,0.9591,0.0,177.6912,151.5365,0.9966,0.0,225.394,186.3733,0.9428,0.0,11.1837,14.1829,0.7621,0.0,Silty Clay,Silty Clay,0.8656,0.0,1.667,1.6019,0.9716,0.0168,199.9954,199.7875,1.0,0.0,61.83,1.63,6.29,6.5,3.1,6.3,6.51,3.12,58.86,31.09,8.7,9.24,8.51,3.92,61.8,32.34,9.38,10.2628,10.786,0.6735,0.0162,0.2107,0.2311,0.7804,0.095,5.5345,5.5363,0.8348,0.0404,2.1379,2.1694,0.9767,0.0027,3.3949,3.4141,0.9835,0.0064,11.3505,14.8886,0.8517,0.0203,12.4641,14.5972,0.9998,0.0002,1.2764,1.5674,0.996,0.0006,80.1317,91.5652,1.0,0.0,0.3474,0.4152,1.0,0.0,3.6126,4.1427,1.0,0.0,18.2016,18.1615,0.9503,0.0,17.6695,17.7739,0.987,0.0,314.2221,366.5895,0.5729,0.0,58.2985,67.4062,0.5957,0.0,68.414,70.6376,0.9251,0.0,56.2324,60.1972,0.9251,0.0,55.3955,66.3495,0.5735,0.0,24.3126,24.1095,0.9914,0.0,68.414,70.6376,0.9886,0.0,12.4506,12.9251,0.9549,0.0,122.0252,151.6722,0.9915,0.0,101.1414,109.0501,0.9487,0.0,11.1837,14.1829,0.7621,0.0,Silty Clay,Silty Clay,0.8656,0.0,1.667,1.6019,0.9677,0.0093,199.9954,199.7875,1.0,0.0,56.86,0.2
LELMOKWO/NGECHEK,6.05,5.8,5.37,6.05,5.79,5.38,21.05,9.97,0.0,9.07,10.57,4.52,24.3,14.11,10.94,10.6588,10.786,0.6807,0.0302,0.1945,0.2311,0.8359,0.1697,5.5815,5.5363,0.8516,0.0809,2.0002,2.1694,0.9709,0.0042,3.4001,3.4141,0.9832,0.0103,11.4972,14.8886,0.8555,0.0404,13.374,14.5972,0.9997,0.0006,1.7504,1.5674,1.0,0.0,84.2586,91.5652,1.0,0.0,3.7207,4.1427,1.0,0.0,0.4451,0.4152,1.0,0.0,16.7215,17.4993,0.8861,0.0,17.8239,18.4137,0.9901,0.0,82.9764,82.4386,0.715,0.0,83.1007,79.1963,0.715,0.0,710.3066,768.4315,0.9378,0.0,229.0597,270.9444,0.9378,0.0,207.1571,231.0498,0.9643,0.0,82.9764,82.4386,0.95,0.0,22.205,22.7486,1.0,0.0,11.966,12.9486,0.946,0.0,142.185,151.5365,1.0,0.0,218.4313,186.3733,0.9516,0.0,6.6914,14.1829,0.873,0.0,Clay,Silty Clay,0.8376,0.0,1.1451,1.6019,0.9786,0.0165,199.999,199.7875,1.0,0.0,63.48,2.05,6.97,6.5,3.38,6.94,6.51,3.37,66.96,31.09,6.49,12.21,8.51,4.27,66.89,32.34,6.48,10.6588,10.786,0.6807,0.0182,0.1945,0.2311,0.7788,0.0946,5.5815,5.5363,0.8516,0.048,2.0002,2.1694,0.971,0.0026,3.4001,3.4141,0.9837,0.006,11.4972,14.8886,0.8553,0.0242,13.374,14.5972,0.9997,0.0003,1.7504,1.5674,1.0,0.0,84.2586,91.5652,1.0,0.0,0.4451,0.4152,1.0,0.0,3.7207,4.1427,1.0,0.0,17.4507,18.1615,0.9222,0.0,16.9646,17.7739,0.9689,0.0,266.8724,366.5895,0.4744,0.0,54.6442,67.4062,0.5709,0.0,69.4399,70.6376,0.9155,0.0,58.6301,60.1972,0.9155,0.0,38.4636,66.3495,0.4744,0.0,23.4164,24.1095,0.9998,0.0,69.4399,70.6376,0.9852,0.0,12.138,12.9251,0.9502,0.0,107.4976,151.6722,0.9647,0.0,80.654,109.0501,0.8726,0.0,6.6914,14.1829,0.873,0.0,Clay,Silty Clay,0.8376,0.0,1.1451,1.6019,0.973,0.0091,199.999,199.7875,1.0,0.0,47.67,0.04
NANDI HILLS,5.58,5.8,4.99,5.59,5.79,5.0,12.15,9.97,0.0,16.45,10.57,5.22,31.6,14.11,12.0,11.2603,10.786,0.69,0.0269,0.2755,0.2311,0.8462,0.1676,5.4607,5.5363,0.793,0.071,2.5824,2.1694,0.9928,0.0029,3.5501,3.4141,0.9847,0.0098,14.6306,14.8886,0.9038,0.0364,16.3111,14.5972,0.9999,0.0001,1.4439,1.5674,0.9997,0.0002,98.4738,91.5652,1.0,0.0,3.7226,4.1427,1.0,0.0,0.4609,0.4152,1.0,0.0,17.2317,17.4993,0.9108,0.0,18.0035,18.4137,0.9885,0.0,83.5459,82.4386,0.7774,0.0,79.3548,79.1963,0.7774,0.0,769.4828,768.4315,0.865,0.0,283.6746,270.9444,0.865,0.0,238.3912,231.0498,0.9255,0.0,83.5459,82.4386,0.95,0.0,22.5212,22.7486,1.0,0.0,12.754,12.9486,0.9594,0.0,139.6906,151.5365,1.0,0.0,175.4313,186.3733,0.996,0.0,13.3189,14.1829,0.7153,0.0,Silty Clay,Silty Clay,0.8645,0.0,1.2951,1.6019,0.9734,0.0234,199.9773,199.7875,1.0,0.0,60.19,1.56,6.38,6.5,3.12,6.4,6.51,3.16,58.03,31.09,10.3,13.4,8.51,5.16,64.53,32.34,9.75,11.2603,10.786,0.6901,0.0164,0.2755,0.2311,0.7863,0.096,5.4607,5.5363,0.7929,0.0428,2.5824,2.1694,0.9928,0.0018,3.5501,3.4141,0.985,0.0058,14.6306,14.8886,0.9037,0.0216,16.3111,14.5972,0.9999,0.0,1.4439,1.5674,0.9997,0.0001,98.4738,91.5652,1.0,0.0,0.4609,0.4152,1.0,0.0,3.7226,4.1427,1.0,0.0,17.9397,18.1615,0.9422,0.0,17.6752,17.7739,0.9854,0.0,425.3251,366.5895,0.7195,0.0,72.4685,67.4062,0.8066,0.0,71.7804,70.6376,0.8995,0.0,62.6145,60.1972,0.8995,0.0,67.1837,66.3495,0.7236,0.0,24.0764,24.1095,0.9952,0.0,71.7804,70.6376,0.9774,0.0,12.7405,12.9251,0.9592,0.0,188.5943,151.6722,0.9831,0.0,125.0048,109.0501,0.9933,0.0,13.3189,14.1829,0.7153,0.0,Silty Clay,Silty Clay,0.8645,0.0,1.2951,1.6019,0.962,0.0126,199.9773,199.7875,1.0,0.0,58.58,0.93
NDALAT,5.7,5.8,5.11,5.7,5.79,5.1,18.15,9.97,0.0,5.55,10.57,2.45,18.45,14.11,9.94,10.0836,10.786,0.6709,0.0296,0.1746,0.2311,0.8323,0.1704,5.6669,5.5363,0.8884,0.0615,1.7705,2.1694,0.9611,0.0043,3.1078,3.4141,0.9807,0.0099,9.9426,14.8886,0.819,0.0337,11.9258,14.5972,0.9995,0.0008,1.6133,1.5674,1.0,0.0,76.0919,91.5652,1.0,0.0,3.9814,4.1427,1.0,0.0,0.4135,0.4152,1.0,0.0,17.3311,17.4993,0.9165,0.0,18.4626,18.4137,0.9755,0.0,80.7255,82.4386,0.7667,0.0,79.9974,79.1963,0.7667,0.0,623.9852,768.4315,0.9411,0.0,192.5701,270.9444,0.9804,0.0,170.3258,231.0498,0.9984,0.0,80.7255,82.4386,0.9501,0.0,22.6867,22.7486,1.0,0.0,12.654,12.9486,0.9579,0.0,128.272,151.5365,0.9968,0.0,226.3637,186.3733,0.9415,0.0,8.0265,14.1829,0.8472,0.0,Clay,Silty Clay,0.835,0.0,1.4922,1.6019,0.9738,0.0172,199.9767,199.7875,1.0,0.0,62.79,1.96,6.75,6.5,3.27,6.71,6.51,3.26,64.02,31.09,7.6,6.73,8.51,3.25,64.04,32.34,7.61,10.0836,10.786,0.6711,0.0178,0.1746,0.2311,0.7758,0.095,5.6669,5.5363,0.8886,0.0361,1.7705,2.1694,0.9611,0.0026,3.1078,3.4141,0.9811,0.0059,9.9426,14.8886,0.819,0.0204,11.9258,14.5972,0.9995,0.0004,1.6133,1.5674,1.0,0.0,76.0919,91.5652,1.0,0.0,0.4135,0.4152,1.0,0.0,3.9814,4.1427,1.0,0.0,18.029,18.1615,0.9454,0.0,17.5351,17.7739,0.9849,0.0,196.549,366.5895,0.4683,0.0,43.0159,67.4062,0.5009,0.0,66.9917,70.6376,0.9285,0.0,55.3768,60.1972,0.9285,0.0,40.3944,66.3495,0.4856,0.0,24.0167,24.1095,0.9961,0.0,66.9917,70.6376,0.9934,0.0,12.5627,12.9251,0.9566,0.0,76.6072,151.6722,0.8304,0.0,54.3451,109.0501,0.5738,0.0,8.0265,14.1829,0.8472,0.0,Clay,Silty Clay,0.835,0.0,1.4922,1.6019,0.9689,0.0095,199.9767,199.7875,1.0,0.0,48.32,0.24
OL'LESSOS,6.0,5.8,5.33,6.01,5.79,5.36,23.39,9.97,0.0,16.28,10.57,4.95,33.58,14.11,12.95,12.9309,10.786,0.7201,0.0406,0.2247,0.2311,0.8402,0.169,5.5409,5.5363,0.8241,0.1084,2.2075,2.1694,0.9795,0.0039,3.6327,3.4141,0.9849,0.0109,13.1854,14.8886,0.8878,0.036,15.5346,14.5972,0.9999,0.0002,1.7057,1.5674,1.0,0.0,91.7804,91.5652,1.0,0.0,3.6542,4.1427,1.0,0.0,0.5576,0.4152,1.0,0.0,15.3665,17.4993,0.7637,0.0,16.4598,18.4137,0.9535,0.0,83.5443,82.4386,0.7084,0.0,83.4949,79.1963,0.7084,0.0,666.929,768.4315,0.9276,0.0,236.7006,270.9444,0.9276,0.0,185.276,231.0498,0.9885,0.0,83.5443,82.4386,0.95,0.0,20.673,22.7486,1.0,0.0,11.0148,12.9486,0.9147,0.0,135.7555,151.5365,1.0,0.0,188.2535,186.3733,0.9853,0.0,8.597,14.1829,0.8245,0.0,Clay,Silty Clay,0.8411,0.0,1.0497,1.6019,0.9786,0.0185,199.9972,199.7875,1.0,0.0,62.57,1.75,6.22,6.5,3.09,6.2,6.51,3.08,76.6,31.09,5.62,9.07,8.51,4.72,76.95,32.34,5.39,12.9309,10.786,0.7203,0.0248,0.2247,0.2311,0.7822,0.0959,5.5409,5.5363,0.8238,0.065,2.2075,2.1694,0.9795,0.0024,3.6327,3.4141,0.9855,0.0064,13.1854,14.8886,0.8877,0.0215,15.5346,14.5972,0.9999,0.0001,1.7057,1.5674,1.0,0.0,91.7804,91.5652,1.0,0.0,0.5576,0.4152,1.0,0.0,3.6542,4.1427,1.0,0.0,15.9839,18.1615,0.8144,0.0,15.5879,17.7739,0.9268,0.0,271.8206,366.5895,0.4651,0.0,55.6377,67.4062,0.5755,0.0,70.3953,70.6376,0.9133,0.0,59.1667,60.1972,0.9133,0.0,36.8739,66.3495,0.4651,0.0,21.6521,24.1095,1.0,0.0,70.3953,70.6376,0.982,0.0,11.2003,12.9251,0.9202,0.0,112.2031,151.6722,0.9709,0.0,80.0582,109.0501,0.8579,0.0,8.597,14.1829,0.8245,0.0,Clay,Silty Clay,0.8411,0.0,1.0497,1.6019,0.9707,0.0102,199.9972,199.7875,1.0,0.0,46.67,0.02
SANGALO/KEBULONIK,6.11,5.8,5.42,6.1,5.79,5.41,11.73,9.97,0.0,13.81,10.57,5.33,24.42,14.11,11.3,10.6643,10.786,0.68,0.0258,0.2403,0.2311,0.8417,0.1686,5.4494,5.5363,0.7812,0.0708,2.2924,2.1694,0.9823,0.004,3.2139,3.4141,0.9816,0.0094,12.2316,14.8886,0.8573,0.0371,13.4578,14.5972,0.9997,0.0005,1.1945,1.5674,0.9874,0.0041,85.7397,91.5652,1.0,0.0,3.424,4.1427,0.9999,0.0001,0.3421,0.4152,1.0,0.0,17.7568,17.4993,0.93,0.0,18.7813,18.4137,0.9609,0.0,82.4631,82.4386,0.759,0.0,80.4578,79.1963,0.759,0.0,866.0139,768.4315,0.8392,0.0,294.2568,270.9444,0.8392,0.0,251.9054,231.0498,0.9074,0.0,82.4631,82.4386,0.95,0.0,23.1032,22.7486,0.9996,0.0,12.9663,12.9486,0.9621,0.0,179.7238,151.5365,0.9932,0.0,223.1382,186.3733,0.9455,0.0,14.3067,14.1829,0.7066,0.0,Silty Clay,Silty Clay,0.8712,0.0,1.564,1.6019,0.9731,0.0168,199.9308,199.7875,1.0,0.0,58.58,1.3,6.1,6.5,3.01,6.08,6.51,3.0,53.4,31.09,11.14,9.12,8.51,3.84,56.23,32.34,11.61,10.6643,10.786,0.68,0.0157,0.2403,0.2311,0.7835,0.0953,5.4494,5.5363,0.781,0.0422,2.2924,2.1694,0.9823,0.0025,3.2139,3.4141,0.9819,0.0056,12.2316,14.8886,0.8573,0.0221,13.4578,14.5972,0.9997,0.0002,1.1945,1.5674,0.9874,0.0025,85.7397,91.5652,1.0,0.0,0.3421,0.4152,1.0,0.0,3.424,4.1427,0.9999,0.0,18.3957,18.1615,0.9525,0.0,17.9047,17.7739,0.9864,0.0,359.4425,366.5895,0.6665,0.0,66.3284,67.4062,0.7097,0.0,70.1534,70.6376,0.9165,0.0,58.3711,60.1972,0.9165,0.0,62.361,66.3495,0.6668,0.0,24.4566,24.1095,0.9885,0.0,70.1534,70.6376,0.9828,0.0,12.7825,12.9251,0.9598,0.0,148.2233,151.6722,0.9994,0.0,106.6852,109.0501,0.9593,0.0,14.3067,14.1829,0.7066,0.0,Silty Clay,Silty Clay,0.8712,0.0,1.564,1.6019,0.9685,0.0094,199.9308,199.7875,1.0,0.0,55.82,0.52
SONGHOR/SOBA,5.48,5.8,4.84,5.54,5.79,4.92,17.2,9.97,0.0,19.52,10.57,5.54,28.56,14.11,13.44,12.7132,10.786,0.7167,0.0413,0.2247,0.2311,0.8397,0.1691,5.6416,5.5363,0.8805,0.0512,1.9747,2.1694,0.9673,0.0066,3.372,3.4141,0.983,0.01,19.6743,14.8886,0.9598,0.0143,16.6233,14.5972,1.0,0.0,2.1332,1.5674,0.9998,0.0,95.0191,91.5652,1.0,0.0,5.9394,4.1427,1.0,0.0,0.477,0.4152,1.0,0.0,17.9501,17.4993,0.8895,0.0,18.9776,18.4137,0.9324,0.0,81.7208,82.4386,0.8075,0.0,77.5408,79.1963,0.8075,0.0,737.3663,768.4315,0.8907,0.0,264.1774,270.9444,0.8907,0.0,226.7617,231.0498,0.9402,0.0,81.7208,82.4386,0.95,0.0,23.4546,22.7486,0.9928,0.0,13.3039,12.9486,0.9635,0.0,140.8665,151.5365,0.9984,0.0,171.6855,186.3733,0.9988,0.0,22.7252,14.1829,0.5763,0.0,Silty Clay,Silty Clay,0.89,0.0,2.3732,1.6019,0.9625,0.0179,198.3703,199.7875,1.0,0.0001,51.69,1.16,6.28,6.5,3.04,6.51,6.51,3.09,60.26,31.09,6.61,10.98,8.51,3.99,64.58,32.34,6.6,12.7132,10.786,0.7167,0.025,0.2247,0.2311,0.7817,0.0955,5.6416,5.5363,0.8805,0.0302,1.9747,2.1694,0.9673,0.004,3.372,3.4141,0.9835,0.0059,19.6743,14.8886,0.9597,0.0085,16.6233,14.5972,1.0,0.0,2.1332,1.5674,0.9998,0.0,95.0191,91.5652,1.0,0.0,0.477,0.4152,1.0,0.0,5.9394,4.1427,1.0,0.0,18.8398,18.1615,0.9225,0.0,18.4264,17.7739,0.9459,0.0,361.6622,366.5895,0.7177,0.0,67.9663,67.4062,0.7364,0.0,67.8053,70.6376,0.923,0.0,56.7532,60.1972,0.923,0.0,73.936,66.3495,0.7979,0.0,24.9665,24.1095,0.9709,0.0,67.8053,70.6376,0.9906,0.0,13.6186,12.9251,0.9685,0.0,141.0202,151.6722,0.9989,0.0,109.3162,109.0501,0.9622,0.0,22.7252,14.1829,0.5763,0.0,Silty Clay,Silty Clay,0.89,0.0,2.3732,1.6019,0.9595,0.0099,198.3703,199.7875,0.9999,0.0001,51.13,1.0
TERIK,6.04,5.8,5.38,6.03,5.79,5.36,7.8,9.97,0.0,9.84,10.57,4.25,10.46,14.11,9.18,8.4416,10.786,0.6419,0.0191,0.1794,0.2311,0.8326,0.1705,5.5428,5.5363,0.8357,0.0475,1.6085,2.1694,0.9511,0.0079,3.3398,3.4141,0.9829,0.0098,16.097,14.8886,0.926,0.0238,12.8702,14.5972,0.9999,0.0003,1.4622,1.5674,1.0,0.0,88.4123,91.5652,1.0,0.0,4.6361,4.1427,1.0,0.0,0.3479,0.4152,1.0,0.0,22.2232,17.4993,0.587,0.0,22.7596,18.4137,0.587,0.0,80.2345,82.4386,0.8571,0.0,73.2201,79.1963,0.8571,0.0,843.2905,768.4315,0.7847,0.0,322.3319,270.9444,0.7847,0.0,292.8889,231.0498,0.8511,0.0,80.2345,82.4386,0.95,0.0,26.6752,22.7486,0.9397,0.0,18.1332,12.9486,0.9578,0.0,148.6599,151.5365,0.9997,0.0,123.8962,186.3733,0.9851,0.0,16.7225,14.1829,0.6493,0.0,Silty Clay Loam,Silty Clay,0.8997,0.0,2.0965,1.6019,0.9662,0.018,199.9827,199.7875,1.0,0.0,49.81,0.29,6.42,6.5,3.15,6.37,6.51,3.13,20.45,31.09,6.43,11.21,8.51,4.26,25.29,32.34,6.71,8.4416,10.786,0.6419,0.0117,0.1794,0.2311,0.7769,0.095,5.5428,5.5363,0.836,0.0286,1.6085,2.1694,0.9511,0.0048,3.3398,3.4141,0.9833,0.0058,16.097,14.8886,0.9259,0.0143,12.8702,14.5972,0.9999,0.0001,1.4622,1.5674,1.0,0.0,88.4123,91.5652,1.0,0.0,0.3479,0.4152,1.0,0.0,4.6361,4.1427,1.0,0.0,22.6592,18.1615,0.6367,0.0,22.3939,17.7739,0.6367,0.0,558.642,366.5895,0.9086,0.0,89.6595,67.4062,0.9086,0.0,73.2377,70.6376,0.8912,0.0,64.7021,60.1972,0.8912,0.0,117.149,66.3495,0.984,0.0,27.8803,24.1095,0.9188,0.0,73.2377,70.6376,0.9725,0.0,17.9052,12.9251,0.9627,0.0,224.4077,151.6722,0.944,0.0,180.0401,109.0501,0.9927,0.0,16.7225,14.1829,0.6493,0.0,Silty Clay Loam,Silty Clay,0.8997,0.0,2.0965,1.6019,0.9621,0.0099,199.9827,199.7875,1.0,0.0,51.68,0.34
TINDIRET,5.85,5.8,5.16,5.84,5.79,5.15,26.24,9.97,0.0,16.3,10.57,5.41,31.78,14.11,11.52,12.3617,10.786,0.7089,0.0308,0.3163,0.2311,0.85,0.1666,5.375,5.5363,0.7509,0.0638,2.8871,2.1694,0.9928,0.0022,3.7742,3.4141,0.9861,0.0099,15.8293,14.8886,0.9032,0.0339,16.7324,14.5972,0.9999,0.0002,1.5157,1.5674,0.9895,0.0021,104.2252,91.5652,1.0,0.0,3.8289,4.1427,0.9986,0.0002,0.4844,0.4152,1.0,0.0,15.2247,17.4993,0.7479,0.0,16.3398,18.4137,0.9469,0.0,82.295,82.4386,0.7493,0.0,81.0421,79.1963,0.7493,0.0,727.9534,768.4315,0.887,0.0,266.6959,270.9444,0.8875,0.0,216.1418,231.0498,0.9536,0.0,82.295,82.4386,0.95,0.0,20.5414,22.7486,1.0,0.0,10.8636,12.9486,0.9072,0.0,143.3024,151.5365,0.9957,0.0,174.6934,186.3733,0.9954,0.0,24.964,14.1829,0.5311,0.0,Silty Clay Loam,Silty Clay,0.8913,0.0,1.6872,1.6019,0.9699,0.0214,199.3063,199.7875,1.0,0.0,48.81,0.58,6.01,6.5,2.95,6.03,6.51,2.95,73.39,31.09,6.67,8.62,8.51,3.93,73.39,32.34,6.69,12.3617,10.786,0.7089,0.0187,0.3163,0.2311,0.7893,0.0957,5.375,5.5363,0.751,0.0372,2.8871,2.1694,0.9928,0.0013,3.7742,3.4141,0.9865,0.0058,15.8293,14.8886,0.9032,0.0204,16.7324,14.5972,0.9999,0.0001,1.5157,1.5674,0.9895,0.0012,104.2252,91.5652,1.0,0.0,0.4844,0.4152,1.0,0.0,3.8289,4.1427,0.9986,0.0001,15.9027,18.1615,0.8074,0.0,15.4706,17.7739,0.923,0.0,334.7061,366.5895,0.5896,0.0,59.9703,67.4062,0.6178,0.0,68.8664,70.6376,0.9256,0.0,56.0911,60.1972,0.9256,0.0,56.8932,66.3495,0.61,0.0,21.6538,24.1095,0.9998,0.0,68.8664,70.6376,0.9871,0.0,11.0559,12.9251,0.9141,0.0,142.6928,151.6722,0.9973,0.0,100.1662,109.0501,0.9406,0.0,24.964,14.1829,0.5311,0.0,Silty Clay Loam,Silty Clay,0.8913,0.0,1.6872,1.6019,0.9621,0.0115,199.3063,199.7875,1.0,0.0,46.72,0.18
